codigo_municipio_dv_agrupado,municipio_agrupado,uf,ano,vitimas_feminicidio,vitimas_homicidio_doloso,vitimas_lesao_corporal_seguida_de_morte,Mandado de prisão cumprido,vitimas_transito_ou_decorrencia_dele,vitimas_sem_indicio_de_crime,vitimas_latrocinio,vitimas_suicidios,Tentativa de feminicídio,vitimas_tentativa_homicidio,vitimas_totais,ano_pib,codigo_municipio_dv,vl_agropecuaria,vl_industria,vl_servicos,vl_administracao,vl_bruto_total,vl_subsidios,vl_pib,vl_pib_per_capta,CO_MUNICIPIO,Total_Habitantes
3104502,ARINOS,MG,2015,0.0,4.0,0.0,0.0,7.0,0.0,0.0,2.0,0.0,7.0,20.0,2015,3104502,39943.782,9040.026,72355.071,66261.036,187599.915,10233.111,197833.026,10857.42,3104502,17272
3104502,ARINOS,MG,2016,0.0,3.0,0.0,0.0,12.0,0.0,0.0,1.0,0.0,7.0,23.0,2016,3104502,46562.214,8532.094,68094.678,71002.273,194191.259,9727.497,203918.756,11184.66,3104502,17272
3104502,ARINOS,MG,2017,1.0,2.0,0.0,0.0,4.0,0.0,0.0,1.0,0.0,4.0,12.0,2017,3104502,40528.491,8855.761,71069.881,73952.38,194406.515,10915.6,205322.115,11254.84,3104502,17272
3104502,ARINOS,MG,2018,0.0,3.0,1.0,0.0,3.0,0.0,0.0,1.0,0.0,8.0,16.0,2018,3104502,42127.658,9129.312,79256.468,75735.132,206248.57,12736.967,218985.537,12242.04,3104502,17272
3104502,ARINOS,MG,2019,1.0,2.0,0.0,0.0,1.0,0.0,0.0,2.0,0.0,6.0,12.0,2019,3104502,37900.375,10762.596,88311.551,80140.673,217115.195,16615.493,233730.688,13075.84,3104502,17272
3104502,ARINOS,MG,2020,2.0,4.0,0.0,0.0,1.0,0.0,0.0,1.0,0.0,5.0,13.0,2020,3104502,76409.155,11462.502,90765.674,86249.935,264887.266,15292.705,280179.971,15685.81,3104502,17272
3104502,ARINOS,MG,2021,0.0,3.0,0.0,0.0,2.0,0.0,0.0,2.0,0.0,5.0,12.0,2021,3104502,96701.733,11575.852,101839.532,91004.967,301122.085,17497.511,318619.595,17849.84,3104502,17272
3109303,BURITIS,MG,2015,1.0,6.0,0.0,0.0,6.0,0.0,0.0,2.0,0.0,8.0,23.0,2015,3109303,212018.433,42301.084,214322.189,93173.632,561815.338,39918.869,601734.208,24710.86,3109303,24030
3109303,BURITIS,MG,2016,1.0,7.0,0.0,0.0,12.0,0.0,0.0,2.0,0.0,13.0,35.0,2016,3109303,288128.952,49696.021,192657.477,104527.516,635009.966,33583.237,668593.203,27262.81,3109303,24030
3109303,BURITIS,MG,2017,0.0,3.0,0.0,0.0,8.0,0.0,0.0,3.0,0.0,7.0,21.0,2017,3109303,259044.731,51878.425,229887.804,110742.719,651553.68,47649.079,699202.758,28320.42,3109303,24030
3109303,BURITIS,MG,2018,1.0,1.0,1.0,0.0,1.0,0.0,0.0,6.0,0.0,8.0,18.0,2018,3109303,294974.347,56459.141,275833.758,114967.357,742234.603,64968.462,807203.065,32729.31,3109303,24030
3109303,BURITIS,MG,2019,0.0,1.0,0.0,0.0,6.0,0.0,0.0,4.0,0.0,6.0,17.0,2019,3109303,268146.466,60281.185,267825.108,118541.588,714794.347,59514.702,774309.049,31170.61,3109303,24030
3109303,BURITIS,MG,2020,0.0,4.0,0.0,0.0,2.0,0.0,1.0,6.0,0.0,7.0,20.0,2020,3109303,449091.721,74765.442,257351.96,124040.163,905249.286,46178.511,951427.797,38037.33,3109303,24030
3109303,BURITIS,MG,2021,0.0,7.0,0.0,0.0,10.0,0.0,1.0,0.0,0.0,8.0,26.0,2021,3109303,625333.434,69514.316,283252.679,131633.782,1109734.211,54281.082,1164015.292,46229.61,3109303,24030
3109451,CABECEIRA GRANDE,MG,2015,0.0,3.0,0.0,0.0,1.0,0.0,0.0,0.0,0.0,0.0,4.0,2015,3109451,47202.928,90788.835,28328.925,32158.55,198479.238,4701.017,203180.255,29613.8,3109451,6627
3109451,CABECEIRA GRANDE,MG,2016,0.0,3.0,0.0,0.0,1.0,0.0,0.0,0.0,0.0,2.0,6.0,2016,3109451,68624.484,45342.772,31787.36,34686.895,180441.512,5755.36,186196.872,26981.14,3109451,6627
3109451,CABECEIRA GRANDE,MG,2017,0.0,0.0,0.0,0.0,0.0,0.0,0.0,0.0,0.0,0.0,0.0,2017,3109451,68333.253,35883.701,33592.681,37350.831,175160.466,6236.73,181397.196,26137.92,3109451,6627
3109451,CABECEIRA GRANDE,MG,2018,0.0,1.0,0.0,0.0,0.0,0.0,0.0,0.0,0.0,2.0,3.0,2018,3109451,63486.456,157964.173,37673.539,39085.168,298209.336,6451.083,304660.419,44096.17,3109451,6627
3109451,CABECEIRA GRANDE,MG,2019,0.0,1.0,0.0,0.0,0.0,0.0,0.0,0.0,0.0,1.0,2.0,2019,3109451,64607.22,149438.249,37390.8,41114.167,292550.437,7269.782,299820.219,43145.81,3109451,6627
3109451,CABECEIRA GRANDE,MG,2020,1.0,1.0,0.0,0.0,2.0,0.0,1.0,0.0,0.0,0.0,5.0,2020,3109451,114758.25,171894.684,48632.918,44851.375,380137.227,8448.146,388585.373,55607.52,3109451,6627
3109451,CABECEIRA GRANDE,MG,2021,1.0,4.0,0.0,0.0,3.0,0.0,0.0,0.0,0.0,4.0,12.0,2021,3109451,225232.058,130300.823,62561.132,48166.405,466260.419,11127.836,477388.255,67955.62,3109451,6627
3170404,UNAÍ,MG,2015,0.0,15.0,1.0,0.0,11.0,0.0,0.0,4.0,0.0,33.0,64.0,2015,3170404,516605.957,333306.483,1041939.745,325383.465,2217235.651,221966.776,2439202.427,29428.05,3170404,86619
3170404,UNAÍ,MG,2016,0.0,9.0,0.0,0.0,17.0,0.0,1.0,4.0,0.0,28.0,59.0,2016,3170404,819482.298,406217.548,1244633.483,353708.573,2824041.902,314913.073,3138954.976,37615.7,3170404,86619
3170404,UNAÍ,MG,2017,1.0,12.0,0.0,0.0,15.0,0.0,0.0,3.0,0.0,18.0,49.0,2017,3170404,702893.883,301778.246,1064917.018,373868.04,2443457.187,229489.205,2672946.391,31828.37,3170404,86619
3170404,UNAÍ,MG,2018,0.0,7.0,0.0,0.0,21.0,0.0,0.0,6.0,0.0,11.0,45.0,2018,3170404,694970.736,271313.515,1541821.085,389351.47,2897456.806,370504.997,3267961.803,38993.44,3170404,86619
3170404,UNAÍ,MG,2019,1.0,4.0,0.0,0.0,32.0,0.0,0.0,5.0,0.0,14.0,56.0,2019,3170404,782041.12,263600.484,1226377.238,416155.979,2688174.82,248153.989,2936328.809,34799.7,3170404,86619
3170404,UNAÍ,MG,2020,1.0,12.0,0.0,0.0,6.0,0.0,2.0,6.0,0.0,15.0,42.0,2020,3170404,1030634.183,275259.577,1298186.481,436455.942,3040536.182,281592.284,3322128.466,39116.08,3170404,86619
3170404,UNAÍ,MG,2021,2.0,7.0,0.0,0.0,21.0,0.0,0.0,5.0,0.0,15.0,50.0,2021,3170404,1610992.129,323552.382,1534271.254,468335.997,3937151.762,382410.859,4319562.621,50544.26,3170404,86619
5200100,ABADIÂNIA,GO,2015,0.0,0.0,0.0,0.0,0.0,0.0,0.0,0.0,0.0,0.0,0.0,2015,5200100,53821.337,18996.075,134002.704,58362.654,265182.77,23820.289,289003.059,15994.41,5200100,17232
5200100,ABADIÂNIA,GO,2016,0.0,8.0,0.0,0.0,13.0,3.0,1.0,0.0,0.0,6.0,31.0,2016,5200100,42838.839,16651.976,138414.121,63445.994,261350.929,26736.981,288087.91,15634.01,5200100,17232
5200100,ABADIÂNIA,GO,2017,0.0,8.0,0.0,0.0,12.0,3.0,2.0,1.0,0.0,9.0,35.0,2017,5200100,39331.631,21095.735,144140.441,73039.395,277607.203,25836.17,303443.373,16162.1,5200100,17232
5200100,ABADIÂNIA,GO,2018,0.0,10.0,0.0,0.0,13.0,7.0,1.0,3.0,0.0,2.0,36.0,2018,5200100,47663.579,19944.389,150932.18,78037.352,296577.5,26875.242,323452.742,16490.91,5200100,17232
5200100,ABADIÂNIA,GO,2019,0.0,10.0,0.0,0.0,7.0,1.0,0.0,1.0,0.0,1.0,20.0,2019,5200100,56244.012,26863.386,148465.017,89770.481,321342.895,28156.51,349499.405,17438.35,5200100,17232
5200100,ABADIÂNIA,GO,2020,0.0,1.0,0.0,0.0,3.0,0.0,2.0,1.0,0.0,2.0,9.0,2020,5200100,93335.755,47554.552,152763.191,86920.986,380574.483,34828.552,415403.035,20302.19,5200100,17232
5200100,ABADIÂNIA,GO,2021,0.0,3.0,0.0,0.0,1.0,1.0,0.0,0.0,0.0,9.0,14.0,2021,5200100,81207.871,56944.714,168151.311,93456.289,399760.185,45564.018,445324.202,21334.94,5200100,17232
5200175,ÁGUA FRIA DE GOIÁS,GO,2015,0.0,0.0,0.0,0.0,0.0,0.0,0.0,0.0,0.0,0.0,0.0,2015,5200175,126807.191,13574.29,30343.194,22030.549,192755.224,8494.944,201250.168,36544.43,5200175,4954
5200175,ÁGUA FRIA DE GOIÁS,GO,2016,0.0,0.0,0.0,0.0,3.0,0.0,0.0,1.0,0.0,0.0,4.0,2016,5200175,186931.775,16976.279,39652.799,22871.015,266431.868,10834.472,277266.34,49868.05,5200175,4954
5200175,ÁGUA FRIA DE GOIÁS,GO,2017,0.0,3.0,0.0,0.0,7.0,0.0,0.0,1.0,0.0,1.0,12.0,2017,5200175,137303.151,11736.318,35610.342,25435.091,210084.902,8806.019,218890.92,38997.14,5200175,4954
5200175,ÁGUA FRIA DE GOIÁS,GO,2018,0.0,1.0,0.0,0.0,5.0,1.0,0.0,0.0,0.0,2.0,9.0,2018,5200175,160017.848,12088.155,46798.75,27576.001,246480.754,10638.587,257119.341,45299.39,5200175,4954
5200175,ÁGUA FRIA DE GOIÁS,GO,2019,0.0,0.0,0.0,0.0,4.0,0.0,0.0,0.0,0.0,2.0,6.0,2019,5200175,161906.188,14450.137,46251.385,29934.462,252542.172,12577.315,265119.487,46228.33,5200175,4954
5200175,ÁGUA FRIA DE GOIÁS,GO,2020,0.0,2.0,0.0,0.0,2.0,0.0,0.0,0.0,0.0,3.0,7.0,2020,5200175,240309.857,15852.06,51988.251,30706.77,338856.938,13596.431,352453.37,60841.25,5200175,4954
5200175,ÁGUA FRIA DE GOIÁS,GO,2021,0.0,2.0,0.0,0.0,0.0,0.0,0.0,0.0,0.0,3.0,5.0,2021,5200175,389836.207,20264.89,70528.434,33469.334,514098.865,19134.01,533232.876,91260.12,5200175,4954
5200258,ÁGUAS LINDAS DE GOIÁS,GO,2015,0.0,0.0,0.0,0.0,0.0,0.0,0.0,0.0,0.0,0.0,0.0,2015,5200258,3293.723,137152.783,707377.758,575278.061,1423102.324,120267.319,1543369.643,8250.14,5200258,225693
5200258,ÁGUAS LINDAS DE GOIÁS,GO,2016,0.0,66.0,0.0,0.0,15.0,32.0,1.0,5.0,0.0,81.0,200.0,2016,5200258,3198.381,127450.666,740769.237,628777.828,1500196.112,127432.242,1627628.354,8499.41,5200258,225693
5200258,ÁGUAS LINDAS DE GOIÁS,GO,2017,0.0,78.0,1.0,0.0,18.0,42.0,5.0,13.0,0.0,75.0,232.0,2017,5200258,3309.496,120719.558,826182.487,692215.832,1642427.373,141509.1,1783936.473,9110.55,5200258,225693
5200258,ÁGUAS LINDAS DE GOIÁS,GO,2018,0.0,53.0,2.0,0.0,9.0,14.0,1.0,17.0,2.0,78.0,174.0,2018,5200258,3107.672,130550.621,851459.343,759648.746,1744766.383,144783.36,1889549.743,9125.17,5200258,225693
5200258,ÁGUAS LINDAS DE GOIÁS,GO,2019,1.0,56.0,3.0,0.0,4.0,8.0,3.0,12.0,9.0,70.0,157.0,2019,5200258,4083.776,154336.527,885295.461,821315.049,1865030.814,158161.125,2023191.939,9523.59,5200258,225693
5200258,ÁGUAS LINDAS DE GOIÁS,GO,2020,3.0,38.0,0.0,0.0,10.0,10.0,5.0,17.0,0.0,46.0,129.0,2020,5200258,4779.786,161139.615,910513.861,840479.143,1916912.405,171163.739,2088076.144,9591.62,5200258,225693
5200258,ÁGUAS LINDAS DE GOIÁS,GO,2021,1.0,45.0,2.0,0.0,15.0,13.0,0.0,22.0,0.0,54.0,152.0,2021,5200258,6071.775,186275.062,1132466.847,901667.784,2226481.469,236670.433,2463151.902,11052.96,5200258,225693
5200308,ALEXÂNIA,GO,2015,0.0,0.0,0.0,0.0,0.0,0.0,0.0,0.0,0.0,0.0,0.0,2015,5200308,55520.4,131061.945,358731.422,94954.316,640268.083,90324.77,730592.853,27954.58,5200308,27008
5200308,ALEXÂNIA,GO,2016,0.0,16.0,0.0,0.0,19.0,10.0,0.0,0.0,0.0,3.0,48.0,2016,5200308,49969.547,145211.987,873376.371,100449.131,1169007.036,232727.257,1401734.292,52981.6,5200308,27008
5200308,ALEXÂNIA,GO,2017,1.0,15.0,0.0,0.0,20.0,7.0,0.0,1.0,0.0,15.0,59.0,2017,5200308,59724.065,125787.644,379330.129,116843.476,681685.314,99950.808,781636.122,29198.21,5200308,27008
5200308,ALEXÂNIA,GO,2018,0.0,15.0,0.0,0.0,17.0,6.0,1.0,3.0,0.0,16.0,58.0,2018,5200308,65992.715,138990.764,373293.876,120671.901,698949.256,107962.733,806911.989,29570.21,5200308,27008
5200308,ALEXÂNIA,GO,2019,0.0,14.0,0.0,0.0,9.0,1.0,0.0,5.0,1.0,10.0,39.0,2019,5200308,79728.261,245079.235,426466.48,135001.479,886275.454,142085.443,1028360.897,37188.04,5200308,27008
5200308,ALEXÂNIA,GO,2020,0.0,6.0,0.0,0.0,1.0,0.0,1.0,4.0,0.0,8.0,20.0,2020,5200308,106706.518,242684.015,375847.574,139953.131,865191.238,115835.976,981027.214,35024.18,5200308,27008
5200308,ALEXÂNIA,GO,2021,0.0,10.0,1.0,0.0,8.0,4.0,1.0,3.0,0.0,14.0,41.0,2021,5200308,105083.215,251298.684,460071.843,155923.176,972376.918,155676.944,1128053.862,39776.23,5200308,27008
5200605,ALTO PARAÍSO DE GOIÁS,GO,2015,0.0,0.0,0.0,0.0,0.0,0.0,0.0,0.0,0.0,0.0,0.0,2015,5200605,36010.334,8567.8,57532.084,27408.293,129518.511,9076.884,138595.396,18751.91,5200605,10306
5200605,ALTO PARAÍSO DE GOIÁS,GO,2016,0.0,1.0,0.0,0.0,4.0,3.0,0.0,0.0,0.0,5.0,13.0,2016,5200605,48493.699,9518.556,63866.279,28992.702,150871.236,9205.895,160077.131,21475.33,5200605,10306
5200605,ALTO PARAÍSO DE GOIÁS,GO,2017,0.0,4.0,0.0,0.0,13.0,2.0,0.0,1.0,0.0,7.0,27.0,2017,5200605,42139.812,9778.938,71339.184,32499.504,155757.438,9778.257,165535.695,22030.3,5200605,10306
5200605,ALTO PARAÍSO DE GOIÁS,GO,2018,0.0,5.0,0.0,0.0,6.0,0.0,0.0,0.0,0.0,5.0,16.0,2018,5200605,39588.282,10766.514,83751.848,34933.463,169040.105,12122.084,181162.19,23969.59,5200605,10306
5200605,ALTO PARAÍSO DE GOIÁS,GO,2019,0.0,5.0,0.0,0.0,2.0,1.0,0.0,0.0,0.0,6.0,14.0,2019,5200605,56790.336,13021.637,99492.444,36394.481,205698.899,14855.667,220554.566,28928.98,5200605,10306
5200605,ALTO PARAÍSO DE GOIÁS,GO,2020,0.0,3.0,0.0,0.0,2.0,0.0,0.0,0.0,0.0,3.0,8.0,2020,5200605,70989.006,12996.943,81902.997,38722.883,204611.829,15759.844,220371.673,28664.37,5200605,10306
5200605,ALTO PARAÍSO DE GOIÁS,GO,2021,0.0,1.0,0.0,0.0,0.0,1.0,0.0,1.0,0.0,7.0,10.0,2021,5200605,97359.246,16670.023,114349.17,42879.294,271257.732,25753.128,297010.86,38319.04,5200605,10306
5200803,ALVORADA DO NORTE,GO,2015,0.0,0.0,0.0,0.0,0.0,0.0,0.0,0.0,0.0,0.0,0.0,2015,5200803,14091.529,5691.449,50124.523,31244.252,101151.753,7635.506,108787.259,12725.14,5200803,8446
5200803,ALVORADA DO NORTE,GO,2016,0.0,6.0,0.0,0.0,7.0,2.0,0.0,1.0,0.0,9.0,25.0,2016,5200803,15457.643,7588.928,48834.498,33512.843,105393.912,7215.695,112609.607,13097.19,5200803,8446
5200803,ALVORADA DO NORTE,GO,2017,0.0,8.0,0.0,0.0,8.0,4.0,0.0,0.0,0.0,11.0,31.0,2017,5200803,12132.309,7214.825,53800.178,37601.832,110749.145,8323.594,119072.738,13773.6,5200803,8446
5200803,ALVORADA DO NORTE,GO,2018,0.0,5.0,0.0,0.0,6.0,5.0,0.0,0.0,0.0,6.0,22.0,2018,5200803,16877.592,8385.08,59459.255,38219.058,122940.984,9789.613,132730.597,15408.71,5200803,8446
5200803,ALVORADA DO NORTE,GO,2019,0.0,5.0,0.0,0.0,1.0,0.0,0.0,0.0,1.0,5.0,11.0,2019,5200803,17170.797,10986.968,61398.085,41389.805,130945.655,9096.93,140042.585,16171.2,5200803,8446
5200803,ALVORADA DO NORTE,GO,2020,0.0,2.0,0.0,0.0,0.0,0.0,0.0,0.0,0.0,2.0,4.0,2020,5200803,25182.202,14830.02,63819.637,40714.595,144546.455,10365.288,154911.743,17795.72,5200803,8446
5200803,ALVORADA DO NORTE,GO,2021,0.0,2.0,0.0,0.0,3.0,1.0,0.0,2.0,0.0,1.0,9.0,2021,5200803,35089.25,13291.15,65737.346,43846.478,157964.224,11044.176,169008.4,19317.45,5200803,8446
5203203,BARRO ALTO,GO,2015,0.0,3.0,0.0,0.0,0.0,0.0,0.0,1.0,0.0,2.0,6.0,2015,5203203,26384.144,356149.688,105290.282,49532.163,537356.277,67715.011,605071.288,60320.14,5203203,10371
5203203,BARRO ALTO,GO,2016,0.0,4.0,0.0,0.0,0.0,0.0,1.0,2.0,0.0,0.0,7.0,2016,5203203,40804.507,468443.912,113700.352,52212.547,675161.318,50335.69,725497.008,70883.93,5203203,10371
5203203,BARRO ALTO,GO,2017,0.0,4.0,0.0,0.0,0.0,0.0,0.0,2.0,0.0,0.0,6.0,2017,5203203,33867.878,528047.87,129090.04,63263.383,754269.171,52099.534,806368.705,77275.39,5203203,10371
5203203,BARRO ALTO,GO,2018,0.0,6.0,0.0,0.0,0.0,0.0,0.0,1.0,0.0,1.0,8.0,2018,5203203,30505.476,654112.606,167822.17,70203.89,922644.142,66229.645,988873.788,90539.63,5203203,10371
5203203,BARRO ALTO,GO,2019,0.0,0.0,0.0,0.0,0.0,0.0,0.0,0.0,0.0,2.0,2.0,2019,5203203,28641.381,739802.604,171415.832,75778.719,1015638.535,79474.363,1095112.898,98066.88,5203203,10371
5203203,BARRO ALTO,GO,2020,0.0,1.0,0.0,0.0,0.0,1.0,0.0,0.0,0.0,0.0,2.0,2020,5203203,31310.212,1078988.522,221928.225,83169.617,1415396.576,109547.612,1524944.188,133673.23,5203203,10371
5203203,BARRO ALTO,GO,2021,0.0,5.0,0.0,0.0,0.0,0.0,0.0,0.0,0.0,0.0,5.0,2021,5203203,45848.357,1064603.585,247950.676,85793.014,1444195.632,129371.555,1573567.187,135151.35,5203203,10371
5204003,CABECEIRAS,GO,2015,0.0,0.0,0.0,0.0,0.0,0.0,0.0,0.0,0.0,0.0,0.0,2015,5204003,125092.321,18209.394,41128.903,29461.383,213892.0,8482.594,222374.594,28403.96,5204003,7560
5204003,CABECEIRAS,GO,2016,0.0,2.0,0.0,0.0,7.0,4.0,0.0,0.0,0.0,2.0,15.0,2016,5204003,160621.256,21947.71,46649.796,31179.966,260398.729,8822.447,269221.176,34156.45,5204003,7560
5204003,CABECEIRAS,GO,2017,0.0,1.0,0.0,0.0,9.0,2.0,0.0,3.0,0.0,3.0,18.0,2017,5204003,110316.051,13652.559,42990.065,34908.418,201867.093,8204.956,210072.048,26474.11,5204003,7560
5204003,CABECEIRAS,GO,2018,0.0,1.0,0.0,0.0,8.0,0.0,0.0,2.0,0.0,3.0,14.0,2018,5204003,113678.923,13583.924,49822.694,36641.397,213726.938,8838.49,222565.428,28034.44,5204003,7560
5204003,CABECEIRAS,GO,2019,0.0,0.0,0.0,0.0,0.0,0.0,0.0,1.0,0.0,2.0,3.0,2019,5204003,135177.964,17837.616,53257.798,41054.049,247327.427,10851.937,258179.364,32300.68,5204003,7560
5204003,CABECEIRAS,GO,2020,0.0,3.0,0.0,0.0,1.0,0.0,0.0,0.0,0.0,1.0,5.0,2020,5204003,184401.254,19519.588,55124.251,43313.768,302358.861,11713.356,314072.217,39034.58,5204003,7560
5204003,CABECEIRAS,GO,2021,1.0,0.0,0.0,0.0,1.0,1.0,0.0,1.0,0.0,2.0,6.0,2021,5204003,317472.893,25967.742,69510.239,46289.757,459240.632,16698.689,475939.32,58772.45,5204003,7560
5205307,CAVALCANTE,GO,2015,0.0,0.0,0.0,0.0,0.0,0.0,0.0,0.0,0.0,0.0,0.0,2015,5205307,14409.994,163309.353,26533.826,42223.961,246477.135,3519.746,249996.881,25575.13,5205307,9583
5205307,CAVALCANTE,GO,2016,0.0,1.0,0.0,0.0,4.0,1.0,0.0,0.0,2.0,2.0,8.0,2016,5205307,17990.639,152294.755,29399.39,44630.156,244314.94,3737.963,248052.903,25303.77,5205307,9583
5205307,CAVALCANTE,GO,2017,0.0,5.0,0.0,0.0,2.0,1.0,0.0,0.0,0.0,4.0,12.0,2017,5205307,16898.348,139886.638,32342.111,51059.502,240186.6,3738.164,243924.763,24816.84,5205307,9583
5205307,CAVALCANTE,GO,2018,1.0,0.0,0.0,0.0,1.0,0.0,0.0,4.0,0.0,4.0,10.0,2018,5205307,18917.408,145133.597,38564.778,51724.436,254340.22,5232.758,259572.978,26779.43,5205307,9583
5205307,CAVALCANTE,GO,2019,0.0,1.0,0.0,0.0,0.0,1.0,0.0,1.0,0.0,2.0,5.0,2019,5205307,12398.535,179098.717,39910.663,54475.614,285883.529,6239.58,292123.109,30087.87,5205307,9583
5205307,CAVALCANTE,GO,2020,0.0,3.0,0.0,0.0,0.0,0.0,0.0,3.0,0.0,2.0,8.0,2020,5205307,20032.275,328814.012,41086.101,55454.171,445386.559,7300.88,452687.439,46548.84,5205307,9583
5205307,CAVALCANTE,GO,2021,0.0,3.0,0.0,0.0,1.0,2.0,0.0,1.0,0.0,2.0,9.0,2021,5205307,22564.675,238436.716,47931.085,62802.267,371734.744,11265.132,382999.876,39322.37,5205307,9583
5205497,CIDADE OCIDENTAL,GO,2015,0.0,0.0,0.0,0.0,0.0,0.0,0.0,0.0,0.0,0.0,0.0,2015,5205497,10980.035,101385.935,264594.153,212522.223,589482.346,51148.623,640630.969,9974.17,5205497,91767
5205497,CIDADE OCIDENTAL,GO,2016,0.0,47.0,0.0,0.0,2.0,2.0,1.0,3.0,3.0,31.0,86.0,2016,5205497,15474.233,124260.114,285642.64,227063.243,652440.23,54588.711,707028.942,10791.04,5205497,91767
5205497,CIDADE OCIDENTAL,GO,2017,0.0,37.0,0.0,0.0,4.0,4.0,6.0,1.0,0.0,27.0,79.0,2017,5205497,12103.69,136492.905,299312.26,240486.619,688395.473,54260.037,742655.51,11121.43,5205497,91767
5205497,CIDADE OCIDENTAL,GO,2018,0.0,28.0,0.0,0.0,8.0,4.0,2.0,4.0,2.0,32.0,78.0,2018,5205497,11196.564,99644.269,298469.875,275341.118,684651.826,49459.038,734110.864,10512.98,5205497,91767
5205497,CIDADE OCIDENTAL,GO,2019,0.0,24.0,0.0,0.0,4.0,1.0,1.0,4.0,4.0,37.0,71.0,2019,5205497,16671.767,118927.158,312323.445,308871.55,756793.92,53634.445,810428.364,11354.35,5205497,91767
5205497,CIDADE OCIDENTAL,GO,2020,2.0,26.0,0.0,0.0,3.0,0.0,3.0,12.0,0.0,50.0,96.0,2020,5205497,36842.387,130292.758,328037.813,311129.44,806302.398,56539.267,862841.665,11837.59,5205497,91767
5205497,CIDADE OCIDENTAL,GO,2021,0.0,17.0,0.0,0.0,4.0,8.0,0.0,2.0,0.0,34.0,65.0,2021,5205497,56616.743,140144.99,380821.224,355663.974,933246.931,72903.253,1006150.184,13528.98,5205497,91767
5205513,COCALZINHO DE GOIÁS,GO,2015,0.0,0.0,0.0,0.0,0.0,0.0,0.0,0.0,0.0,0.0,0.0,2015,5205513,56706.268,52804.404,83857.25,71630.767,264998.688,20875.533,285874.221,14955.49,5205513,25016
5205513,COCALZINHO DE GOIÁS,GO,2016,0.0,4.0,0.0,0.0,8.0,14.0,0.0,3.0,1.0,8.0,37.0,2016,5205513,54899.872,43188.77,87239.31,75408.577,260736.529,21135.09,281871.619,14565.5,5205513,25016
5205513,COCALZINHO DE GOIÁS,GO,2017,0.0,6.0,0.0,0.0,12.0,4.0,0.0,2.0,0.0,7.0,31.0,2017,5205513,55176.877,46579.045,94258.337,83359.169,279373.428,21973.935,301347.363,15388.21,5205513,25016
5205513,COCALZINHO DE GOIÁS,GO,2018,0.0,6.0,0.0,0.0,12.0,2.0,1.0,0.0,0.0,5.0,26.0,2018,5205513,61333.131,54908.633,96621.312,87523.602,300386.679,21425.335,321812.014,16113.97,5205513,25016
5205513,COCALZINHO DE GOIÁS,GO,2019,0.0,2.0,2.0,0.0,3.0,0.0,2.0,4.0,0.0,3.0,16.0,2019,5205513,73912.029,53014.42,96134.465,97059.799,320120.713,23182.054,343302.767,16961.6,5205513,25016
5205513,COCALZINHO DE GOIÁS,GO,2020,0.0,8.0,0.0,0.0,8.0,3.0,0.0,1.0,0.0,9.0,29.0,2020,5205513,109652.21,48328.465,96764.746,96810.661,351556.082,21994.502,373550.584,18218.42,5205513,25016
5205513,COCALZINHO DE GOIÁS,GO,2021,1.0,3.0,0.0,0.0,5.0,4.0,2.0,3.0,0.0,22.0,40.0,2021,5205513,120084.926,71286.935,111819.733,104694.784,407886.378,28432.719,436319.097,21006.17,5205513,25016
5205802,CORUMBÁ DE GOIÁS,GO,2015,0.0,0.0,0.0,0.0,0.0,0.0,0.0,0.0,0.0,0.0,0.0,2015,5205802,50242.748,5792.603,43313.716,38947.828,138296.895,6730.645,145027.54,13231.23,5205802,10562
5205802,CORUMBÁ DE GOIÁS,GO,2016,0.0,1.0,0.0,0.0,3.0,3.0,0.0,0.0,0.0,1.0,8.0,2016,5205802,38719.896,6375.802,48005.057,42822.154,135922.91,6957.376,142880.286,12960.84,5205802,10562
5205802,CORUMBÁ DE GOIÁS,GO,2017,0.0,5.0,0.0,0.0,1.0,1.0,0.0,1.0,0.0,3.0,11.0,2017,5205802,36110.21,9491.516,54210.745,50009.242,149821.713,8059.846,157881.559,14241.53,5205802,10562
5205802,CORUMBÁ DE GOIÁS,GO,2018,0.0,1.0,0.0,0.0,7.0,1.0,0.0,0.0,0.0,6.0,15.0,2018,5205802,50733.046,9868.021,58130.689,48688.457,167420.213,8601.262,176021.475,15929.55,5205802,10562
5205802,CORUMBÁ DE GOIÁS,GO,2019,0.0,0.0,0.0,0.0,3.0,0.0,0.0,2.0,1.0,4.0,9.0,2019,5205802,68864.925,13714.117,61155.57,51200.459,194935.07,10073.861,205008.931,18452.65,5205802,10562
5205802,CORUMBÁ DE GOIÁS,GO,2020,0.0,2.0,0.0,0.0,4.0,0.0,0.0,2.0,0.0,1.0,9.0,2020,5205802,106555.766,13153.633,59555.204,51165.951,230430.553,10309.348,240739.901,21554.29,5205802,10562
5205802,CORUMBÁ DE GOIÁS,GO,2021,2.0,1.0,0.0,0.0,0.0,0.0,2.0,5.0,0.0,3.0,13.0,2021,5205802,103062.802,27667.882,62764.21,54343.028,247837.922,12403.44,260241.362,23188.22,5205802,10562
5206206,CRISTALINA,GO,2015,0.0,0.0,0.0,0.0,0.0,0.0,0.0,0.0,0.0,0.0,0.0,2015,5206206,723400.288,190602.035,641810.454,211013.801,1766826.578,175113.166,1941939.744,36434.14,5206206,62337
5206206,CRISTALINA,GO,2016,0.0,36.0,2.0,0.0,14.0,16.0,3.0,0.0,0.0,26.0,97.0,2016,5206206,894719.634,281034.188,714952.544,225246.313,2115952.679,193781.289,2309733.968,42507.57,5206206,62337
5206206,CRISTALINA,GO,2017,0.0,27.0,0.0,0.0,26.0,9.0,1.0,0.0,0.0,29.0,92.0,2017,5206206,961944.724,164442.629,733953.442,246795.107,2107135.903,187159.501,2294295.404,41452.93,5206206,62337
5206206,CRISTALINA,GO,2018,0.0,39.0,1.0,0.0,25.0,3.0,5.0,4.0,1.0,26.0,103.0,2018,5206206,963600.917,172627.765,798566.885,268081.421,2202876.988,206561.819,2409438.808,41715.38,5206206,62337
5206206,CRISTALINA,GO,2019,1.0,29.0,2.0,0.0,9.0,4.0,2.0,3.0,4.0,36.0,86.0,2019,5206206,988804.278,218438.947,809059.64,300306.988,2316609.853,227411.823,2544021.676,43121.2,5206206,62337
5206206,CRISTALINA,GO,2020,1.0,25.0,0.0,0.0,10.0,5.0,1.0,5.0,0.0,41.0,88.0,2020,5206206,1656213.014,290359.781,913508.296,312524.791,3172605.881,262915.021,3435520.902,57058.98,5206206,62337
5206206,CRISTALINA,GO,2021,1.0,26.0,1.0,0.0,11.0,9.0,0.0,2.0,0.0,19.0,69.0,2021,5206206,2359811.879,357516.583,1198505.337,338314.331,4254148.13,348170.31,4602318.44,74974.64,5206206,62337
5207907,FLORES DE GOIÁS,GO,2015,0.0,0.0,0.0,0.0,0.0,0.0,0.0,0.0,0.0,0.0,0.0,2015,5207907,46305.084,4593.722,24010.638,49700.702,124610.146,6502.546,131112.692,9122.79,5207907,13744
5207907,FLORES DE GOIÁS,GO,2016,0.0,9.0,0.0,0.0,4.0,4.0,0.0,0.0,0.0,2.0,19.0,2016,5207907,52033.592,4798.284,24004.039,52797.327,133633.242,6185.015,139818.257,9481.13,5207907,13744
5207907,FLORES DE GOIÁS,GO,2017,0.0,4.0,0.0,0.0,11.0,5.0,0.0,1.0,0.0,5.0,26.0,2017,5207907,43909.792,4275.854,25345.049,58352.071,131882.766,5519.077,137401.843,9092.84,5207907,13744
5207907,FLORES DE GOIÁS,GO,2018,0.0,5.0,0.0,0.0,2.0,2.0,0.0,1.0,0.0,6.0,16.0,2018,5207907,41952.145,4558.877,31835.83,64121.57,142468.422,8262.069,150730.491,9362.14,5207907,13744
5207907,FLORES DE GOIÁS,GO,2019,0.0,2.0,1.0,0.0,2.0,0.0,0.0,1.0,0.0,1.0,7.0,2019,5207907,53009.587,5839.182,32923.017,71500.749,163272.535,9159.39,172431.925,10414.44,5207907,13744
5207907,FLORES DE GOIÁS,GO,2020,0.0,4.0,0.0,0.0,6.0,2.0,0.0,0.0,0.0,3.0,15.0,2020,5207907,74733.145,5726.158,30832.806,72022.53,183314.639,8547.709,191862.347,11282.7,5207907,13744
5207907,FLORES DE GOIÁS,GO,2021,0.0,6.0,0.0,0.0,1.0,3.0,0.0,1.0,0.0,4.0,15.0,2021,5207907,121601.646,6893.062,34440.598,77406.296,240341.602,10593.904,250935.506,14409.16,5207907,13744
5208004,FORMOSA,GO,2015,0.0,0.0,0.0,0.0,0.0,0.0,0.0,0.0,0.0,0.0,0.0,2015,5208004,128961.491,233567.618,1004701.944,370191.079,1737422.133,197441.89,1934864.022,17239.25,5208004,115901
5208004,FORMOSA,GO,2016,0.0,46.0,1.0,0.0,31.0,11.0,1.0,8.0,1.0,89.0,187.0,2016,5208004,127969.992,258924.159,1101415.011,392429.712,1880738.875,219031.033,2099769.908,18413.22,5208004,115901
5208004,FORMOSA,GO,2017,1.0,52.0,1.0,0.0,29.0,10.0,1.0,3.0,0.0,99.0,196.0,2017,5208004,146553.654,251497.879,1222971.353,441607.064,2062629.95,244572.174,2307202.124,19925.92,5208004,115901
5208004,FORMOSA,GO,2018,1.0,56.0,0.0,0.0,39.0,8.0,1.0,10.0,3.0,83.0,198.0,2018,5208004,113721.202,239857.566,1188066.536,469991.783,2011637.087,240397.049,2252034.136,18844.53,5208004,115901
5208004,FORMOSA,GO,2019,1.0,17.0,0.0,0.0,20.0,6.0,2.0,6.0,6.0,65.0,117.0,2019,5208004,147144.511,307341.282,1225559.649,522190.532,2202235.975,262426.81,2464662.785,20265.78,5208004,115901
5208004,FORMOSA,GO,2020,1.0,26.0,0.0,0.0,11.0,2.0,1.0,9.0,0.0,32.0,82.0,2020,5208004,191742.233,476700.734,1259520.23,526503.132,2454466.329,284894.766,2739361.095,22148.06,5208004,115901
5208004,FORMOSA,GO,2021,2.0,16.0,0.0,0.0,5.0,6.0,0.0,18.0,0.0,24.0,71.0,2021,5208004,246645.32,550529.653,1483744.228,588532.346,2869451.546,378340.47,3247792.016,25836.62,5208004,115901
5208608,GOIANÉSIA,GO,2015,0.0,0.0,0.0,0.0,0.0,0.0,0.0,0.0,0.0,0.0,0.0,2015,5208608,71804.867,186078.936,504576.037,232508.984,994968.824,103537.101,1098505.925,16703.0,5208608,73707
5208608,GOIANÉSIA,GO,2016,0.0,13.0,0.0,0.0,8.0,8.0,2.0,0.0,0.0,17.0,48.0,2016,5208608,122044.998,233554.774,552941.195,234382.256,1142923.223,120085.235,1263008.458,18950.15,5208608,73707
5208608,GOIANÉSIA,GO,2017,0.0,7.0,0.0,0.0,23.0,2.0,0.0,2.0,0.0,41.0,75.0,2017,5208608,94256.785,225106.576,599221.825,282680.172,1201265.359,126191.43,1327456.789,19663.99,5208608,73707
5208608,GOIANÉSIA,GO,2018,2.0,11.0,1.0,0.0,17.0,5.0,0.0,6.0,1.0,26.0,68.0,2018,5208608,81073.492,281112.326,666781.609,283462.856,1312430.282,147436.124,1459866.406,21135.43,5208608,73707
5208608,GOIANÉSIA,GO,2019,0.0,18.0,0.0,0.0,9.0,2.0,0.0,3.0,0.0,28.0,60.0,2019,5208608,84046.391,300515.497,693801.492,312571.687,1390935.066,162519.622,1553454.688,22165.61,5208608,73707
5208608,GOIANÉSIA,GO,2020,0.0,5.0,2.0,0.0,5.0,0.0,0.0,6.0,0.0,23.0,41.0,2020,5208608,93054.693,358090.054,667324.801,305695.864,1424165.412,156682.876,1580848.288,22241.97,5208608,73707
5208608,GOIANÉSIA,GO,2021,1.0,8.0,0.0,0.0,13.0,3.0,0.0,12.0,0.0,25.0,62.0,2021,5208608,110519.954,452995.187,772259.84,339246.622,1675021.604,213241.01,1888262.614,26209.49,5208608,73707
5212501,LUZIÂNIA,GO,2015,0.0,0.0,0.0,0.0,0.0,0.0,0.0,0.0,0.0,0.0,0.0,2015,5212501,293220.312,891855.384,1227019.669,649782.155,3061877.521,291916.162,3353793.683,17284.12,5212501,209129
5212501,LUZIÂNIA,GO,2016,0.0,119.0,0.0,0.0,24.0,48.0,10.0,11.0,4.0,132.0,344.0,2016,5212501,332039.854,896833.74,1269464.287,667522.924,3165860.805,304228.611,3470089.416,17626.84,5212501,209129
5212501,LUZIÂNIA,GO,2017,2.0,115.0,0.0,0.0,72.0,27.0,17.0,10.0,0.0,128.0,371.0,2017,5212501,245729.956,882241.153,1231347.483,732717.909,3092036.5,300865.389,3392901.889,16997.23,5212501,209129
5212501,LUZIÂNIA,GO,2018,1.0,65.0,1.0,0.0,65.0,10.0,7.0,4.0,2.0,102.0,255.0,2018,5212501,252925.525,1035820.004,1450113.704,783458.046,3522317.278,336490.023,3858807.301,18821.34,5212501,209129
5212501,LUZIÂNIA,GO,2019,1.0,57.0,0.0,0.0,17.0,10.0,0.0,16.0,9.0,101.0,202.0,2019,5212501,327809.883,1055999.454,1478088.95,864607.542,3726505.828,362177.381,4088683.209,19628.91,5212501,209129
5212501,LUZIÂNIA,GO,2020,6.0,59.0,0.0,0.0,22.0,3.0,1.0,13.0,0.0,87.0,191.0,2020,5212501,453378.507,1466069.363,1591436.488,844225.55,4355109.908,427334.727,4782444.635,22611.18,5212501,209129
5212501,LUZIÂNIA,GO,2021,4.0,44.0,3.0,0.0,36.0,12.0,1.0,19.0,0.0,111.0,230.0,2021,5212501,689768.922,1508965.282,1794386.953,938863.337,4931984.494,503401.029,5435385.524,25322.67,5212501,209129
5213053,MIMOSO DE GOIÁS,GO,2015,0.0,0.0,0.0,0.0,0.0,0.0,0.0,0.0,0.0,0.0,0.0,2015,5213053,15152.42,1864.664,5934.781,12606.188,35558.053,1493.823,37051.876,13647.1,5213053,2614
5213053,MIMOSO DE GOIÁS,GO,2016,0.0,1.0,0.0,0.0,1.0,0.0,0.0,1.0,0.0,0.0,3.0,2016,5213053,19469.244,1938.483,6293.217,12350.333,40051.277,1372.675,41423.952,15296.88,5213053,2614
5213053,MIMOSO DE GOIÁS,GO,2017,0.0,0.0,0.0,0.0,0.0,2.0,0.0,0.0,0.0,0.0,2.0,2017,5213053,31300.752,2823.345,9317.112,13680.783,57121.993,1399.077,58521.069,21658.43,5213053,2614
5213053,MIMOSO DE GOIÁS,GO,2018,0.0,0.0,0.0,0.0,0.0,0.0,0.0,0.0,0.0,0.0,0.0,2018,5213053,29210.944,2478.259,10288.988,13722.517,55700.709,1589.334,57290.043,21933.4,5213053,2614
5213053,MIMOSO DE GOIÁS,GO,2019,0.0,0.0,0.0,0.0,0.0,0.0,0.0,1.0,0.0,2.0,3.0,2019,5213053,67507.15,4937.321,16473.748,16607.833,105526.053,2920.87,108446.923,41758.54,5213053,2614
5213053,MIMOSO DE GOIÁS,GO,2020,0.0,0.0,0.0,0.0,0.0,1.0,0.0,1.0,0.0,0.0,2.0,2020,5213053,123980.238,6878.026,21709.118,17826.897,170394.28,3199.376,173593.656,67206.22,5213053,2614
5213053,MIMOSO DE GOIÁS,GO,2021,0.0,0.0,0.0,0.0,0.0,0.0,0.0,0.0,0.0,0.0,0.0,2021,5213053,185537.017,9976.473,27003.065,20449.811,242966.367,4587.145,247553.512,96137.29,5213053,2614
5214606,NIQUELÂNDIA,GO,2015,0.0,0.0,0.0,0.0,0.0,0.0,0.0,0.0,0.0,0.0,0.0,2015,5214606,156644.885,451205.064,333353.413,190261.712,1131465.074,66185.232,1197650.306,26471.51,5214606,34964
5214606,NIQUELÂNDIA,GO,2016,0.0,16.0,0.0,0.0,2.0,2.0,0.0,2.0,0.0,15.0,37.0,2016,5214606,119984.742,295442.993,276429.432,190198.397,882055.565,107481.791,989537.356,21708.95,5214606,34964
5214606,NIQUELÂNDIA,GO,2017,0.0,6.0,0.0,0.0,9.0,3.0,0.0,3.0,0.0,35.0,56.0,2017,5214606,157639.686,253952.548,282162.104,218367.471,912121.809,89305.318,1001427.127,21811.41,5214606,34964
5214606,NIQUELÂNDIA,GO,2018,0.0,18.0,0.0,0.0,11.0,5.0,0.0,3.0,0.0,34.0,71.0,2018,5214606,182956.317,316063.831,300195.772,208346.818,1007562.738,98016.029,1105578.766,24013.96,5214606,34964
5214606,NIQUELÂNDIA,GO,2019,1.0,6.0,0.0,0.0,10.0,2.0,0.0,3.0,0.0,17.0,39.0,2019,5214606,200315.222,317008.945,312950.08,229201.109,1059475.356,110600.066,1170075.422,25223.67,5214606,34964
5214606,NIQUELÂNDIA,GO,2020,0.0,14.0,0.0,0.0,3.0,3.0,0.0,1.0,0.0,29.0,50.0,2020,5214606,323477.31,133312.816,288957.042,229045.756,974792.923,94191.772,1068984.696,22875.77,5214606,34964
5214606,NIQUELÂNDIA,GO,2021,0.0,17.0,0.0,0.0,4.0,7.0,0.0,7.0,0.0,22.0,57.0,2021,5214606,411949.907,174743.355,323759.235,252827.494,1163279.991,128399.683,1291679.674,27445.17,5214606,34964
5215231,NOVO GAMA,GO,2015,0.0,0.0,0.0,0.0,0.0,0.0,0.0,0.0,0.0,0.0,0.0,2015,5215231,2378.883,63266.033,360776.496,317216.627,743638.038,54096.173,797734.211,7478.03,5215231,103804
5215231,NOVO GAMA,GO,2016,0.0,47.0,0.0,0.0,0.0,23.0,0.0,0.0,3.0,58.0,128.0,2016,5215231,2270.587,57256.471,366558.287,334388.115,760473.46,53552.615,814026.075,7508.77,5215231,103804
5215231,NOVO GAMA,GO,2017,0.0,42.0,0.0,0.0,6.0,19.0,0.0,13.0,0.0,46.0,126.0,2017,5215231,2419.828,67531.323,407235.319,383919.717,861106.187,61351.02,922457.207,8378.66,5215231,103804
5215231,NOVO GAMA,GO,2018,1.0,37.0,0.0,0.0,9.0,3.0,0.0,3.0,5.0,27.0,80.0,2018,5215231,2536.483,60279.668,416543.367,405413.518,884773.036,66045.84,950818.876,8364.07,5215231,103804
5215231,NOVO GAMA,GO,2019,2.0,34.0,0.0,0.0,3.0,4.0,1.0,8.0,1.0,42.0,94.0,2019,5215231,2807.129,71807.035,418483.429,446172.925,939270.518,72150.609,1011421.127,8740.92,5215231,103804
5215231,NOVO GAMA,GO,2020,0.0,28.0,1.0,0.0,2.0,0.0,2.0,7.0,0.0,34.0,74.0,2020,5215231,5105.122,77382.858,446127.354,455759.014,984374.349,84927.445,1069301.794,9084.75,5215231,103804
5215231,NOVO GAMA,GO,2021,2.0,28.0,0.0,0.0,4.0,7.0,1.0,10.0,0.0,34.0,86.0,2021,5215231,6538.87,86563.582,478687.935,487315.201,1059105.588,94962.829,1154068.417,9645.45,5215231,103804
5215603,PADRE BERNARDO,GO,2015,0.0,0.0,0.0,0.0,0.0,0.0,0.0,0.0,0.0,0.0,0.0,2015,5215603,153434.059,32694.936,154648.792,110833.47,451611.256,27646.764,479258.02,15395.87,5215603,34967
5215603,PADRE BERNARDO,GO,2016,0.0,6.0,0.0,0.0,8.0,15.0,0.0,1.0,0.0,8.0,38.0,2016,5215603,158315.423,30180.863,162396.565,115626.746,466519.597,29435.505,495955.102,15671.97,5215603,34967
5215603,PADRE BERNARDO,GO,2017,0.0,10.0,0.0,0.0,9.0,3.0,1.0,2.0,0.0,8.0,33.0,2017,5215603,142593.795,29455.439,159785.904,130761.394,462596.532,23615.008,486211.54,15124.16,5215603,34967
5215603,PADRE BERNARDO,GO,2018,0.0,9.0,0.0,0.0,17.0,2.0,0.0,1.0,0.0,12.0,41.0,2018,5215603,149464.835,33866.441,178496.957,137906.631,499734.863,31398.911,531133.774,15984.52,5215603,34967
5215603,PADRE BERNARDO,GO,2019,0.0,11.0,0.0,0.0,7.0,1.0,1.0,0.0,1.0,17.0,37.0,2019,5215603,195240.489,41491.707,194985.927,156874.411,588592.534,36082.979,624675.514,18462.41,5215603,34967
5215603,PADRE BERNARDO,GO,2020,0.0,6.0,0.0,0.0,5.0,1.0,0.0,2.0,0.0,18.0,32.0,2020,5215603,328114.809,42186.358,207355.479,152631.427,730288.073,40870.384,771158.457,22397.86,5215603,34967
5215603,PADRE BERNARDO,GO,2021,0.0,11.0,0.0,0.0,3.0,4.0,0.0,3.0,0.0,11.0,32.0,2021,5215603,501946.207,58677.372,267668.751,166561.344,994853.673,57295.325,1052148.998,30051.96,5215603,34967
5217302,PIRENÓPOLIS,GO,2015,0.0,0.0,0.0,0.0,0.0,0.0,0.0,0.0,0.0,0.0,0.0,2015,5217302,70360.477,35492.193,159689.162,85009.522,350551.354,23382.952,373934.307,15297.59,5217302,26690
5217302,PIRENÓPOLIS,GO,2016,0.0,5.0,0.0,0.0,6.0,2.0,0.0,0.0,0.0,12.0,25.0,2016,5217302,66908.145,19956.843,153510.313,88682.864,329058.164,18117.84,347176.005,14110.55,5217302,26690
5217302,PIRENÓPOLIS,GO,2017,0.0,5.0,0.0,0.0,18.0,5.0,0.0,1.0,0.0,11.0,40.0,2017,5217302,61180.39,39785.271,189559.552,96841.535,387366.748,25229.0,412595.748,16663.13,5217302,26690
5217302,PIRENÓPOLIS,GO,2018,0.0,4.0,0.0,0.0,8.0,1.0,0.0,1.0,0.0,7.0,21.0,2018,5217302,77450.066,26865.311,214060.763,99845.055,418221.194,27893.631,446114.826,18025.57,5217302,26690
5217302,PIRENÓPOLIS,GO,2019,0.0,8.0,0.0,0.0,2.0,2.0,0.0,2.0,1.0,9.0,23.0,2019,5217302,98101.545,37585.761,244994.438,110905.311,491587.055,32509.995,524097.05,21041.31,5217302,26690
5217302,PIRENÓPOLIS,GO,2020,0.0,4.0,0.0,0.0,6.0,0.0,0.0,3.0,0.0,11.0,24.0,2020,5217302,157751.146,43138.578,186961.661,108441.029,496292.415,31941.396,528233.811,21075.4,5217302,26690
5217302,PIRENÓPOLIS,GO,2021,0.0,10.0,0.0,0.0,1.0,5.0,0.0,5.0,0.0,9.0,30.0,2021,5217302,169945.101,48615.964,261504.321,116833.721,596899.108,43429.535,640328.642,25391.73,5217302,26690
5217609,PLANALTINA,DF,2020,2.0,37.0,1.0,0.0,24.0,0.0,2.0,9.0,0.0,41.0,116.0,2020,5217609,118752.468,122030.905,501521.639,443629.395,1185934.407,94967.113,1280901.52,14131.75,5217609,105031
5217609,PLANALTINA,DF,2021,1.0,15.0,0.0,0.0,32.0,0.0,2.0,5.0,0.0,30.0,85.0,2021,5217609,158670.155,130528.795,578736.884,460722.392,1328658.225,124342.525,1453000.75,15906.74,5217609,105031
5217609,PLANALTINA,GO,2015,0.0,0.0,0.0,0.0,0.0,0.0,0.0,0.0,0.0,0.0,0.0,2015,5217609,54459.498,87927.284,384400.576,324339.818,851127.176,63679.524,914806.7,10458.04,5217609,105031
5217609,PLANALTINA,GO,2016,0.0,45.0,1.0,0.0,14.0,6.0,2.0,3.0,0.0,88.0,159.0,2016,5217609,73379.422,86818.453,391745.743,345222.005,897165.623,60985.237,958150.861,10866.1,5217609,105031
5217609,PLANALTINA,GO,2017,0.0,46.0,1.0,0.0,23.0,8.0,5.0,3.0,0.0,47.0,133.0,2017,5217609,69427.401,90874.727,432188.597,360510.151,953000.875,64598.195,1017599.071,11451.32,5217609,105031
5217609,PLANALTINA,GO,2018,1.0,53.0,1.0,0.0,7.0,9.0,2.0,6.0,2.0,50.0,129.0,2018,5217609,78250.197,94791.575,471899.908,392625.017,1037566.698,78577.831,1116144.528,12515.5,5217609,105031
5217609,PLANALTINA,GO,2019,1.0,32.0,0.0,0.0,9.0,11.0,4.0,10.0,2.0,34.0,101.0,2019,5217609,95233.221,108130.708,488183.691,427122.722,1118670.342,85925.761,1204596.103,13396.61,5217609,105031
5219753,SANTO ANTÔNIO DO DESCOBERTO,GO,2015,0.0,0.0,0.0,0.0,0.0,0.0,0.0,0.0,0.0,0.0,0.0,2015,5219753,11603.377,38231.101,230009.388,248676.26,528520.125,37183.288,565703.414,8082.86,5219753,72127
5219753,SANTO ANTÔNIO DO DESCOBERTO,GO,2016,0.0,29.0,0.0,0.0,2.0,16.0,1.0,1.0,0.0,59.0,108.0,2016,5219753,14874.347,38695.374,231679.638,246847.212,532096.571,38530.814,570627.385,8042.67,5219753,72127
5219753,SANTO ANTÔNIO DO DESCOBERTO,GO,2017,0.0,41.0,1.0,0.0,2.0,12.0,4.0,1.0,0.0,37.0,98.0,2017,5219753,20259.004,44943.743,257382.728,291385.524,613970.999,39474.79,653445.789,9089.9,5219753,72127
5219753,SANTO ANTÔNIO DO DESCOBERTO,GO,2018,0.0,22.0,0.0,0.0,11.0,9.0,2.0,3.0,1.0,32.0,79.0,2018,5219753,16687.279,43075.947,282055.386,304911.611,646730.223,44310.235,691040.459,9384.55,5219753,72127
5219753,SANTO ANTÔNIO DO DESCOBERTO,GO,2019,0.0,28.0,0.0,0.0,6.0,4.0,0.0,4.0,4.0,31.0,73.0,2019,5219753,18008.169,49780.756,290750.538,347163.658,705703.121,47699.494,753402.615,10079.77,5219753,72127
5219753,SANTO ANTÔNIO DO DESCOBERTO,GO,2020,0.0,28.0,0.0,0.0,1.0,10.0,0.0,2.0,0.0,23.0,64.0,2020,5219753,25983.777,52946.189,276829.946,339947.38,695707.292,47639.588,743346.88,9802.94,5219753,72127
5219753,SANTO ANTÔNIO DO DESCOBERTO,GO,2021,0.0,18.0,0.0,0.0,7.0,6.0,1.0,9.0,0.0,31.0,72.0,2021,5219753,35623.236,56200.917,310980.806,363017.67,765822.63,59795.674,825618.304,10740.31,5219753,72127
5220009,SÃO JOÃO D'ALIANÇA,GO,2015,0.0,0.0,0.0,0.0,0.0,0.0,0.0,0.0,0.0,0.0,0.0,2015,5220009,105873.162,13435.84,56253.465,42523.017,218085.484,11015.747,229101.231,18981.05,5220009,14041
5220009,SÃO JOÃO D'ALIANÇA,GO,2016,0.0,3.0,0.0,0.0,11.0,3.0,0.0,0.0,0.0,12.0,29.0,2016,5220009,137216.811,14207.999,74185.995,44697.331,270308.136,16168.082,286476.218,23177.69,5220009,14041
5220009,SÃO JOÃO D'ALIANÇA,GO,2017,0.0,3.0,0.0,0.0,3.0,1.0,0.0,0.0,0.0,5.0,12.0,2017,5220009,138007.985,14058.305,80413.981,49992.974,282473.245,16611.736,299084.981,23656.17,5220009,14041
5220009,SÃO JOÃO D'ALIANÇA,GO,2018,0.0,1.0,2.0,0.0,6.0,1.0,0.0,2.0,0.0,3.0,15.0,2018,5220009,123575.766,13855.498,80803.921,58530.101,276765.287,16156.91,292922.197,21881.09,5220009,14041
5220009,SÃO JOÃO D'ALIANÇA,GO,2019,0.0,1.0,0.0,0.0,5.0,1.0,0.0,0.0,0.0,8.0,15.0,2019,5220009,201762.076,19450.08,95666.39,66293.369,383171.915,18763.199,401935.114,29252.92,5220009,14041
5220009,SÃO JOÃO D'ALIANÇA,GO,2020,0.0,2.0,0.0,0.0,3.0,0.0,0.0,2.0,0.0,3.0,10.0,2020,5220009,253879.349,19872.345,91293.9,64397.158,429442.752,19011.727,448454.479,31839.15,5220009,14041
5220009,SÃO JOÃO D'ALIANÇA,GO,2021,0.0,1.0,0.0,0.0,3.0,1.0,0.0,0.0,0.0,1.0,6.0,2021,5220009,336038.456,23535.299,111922.696,70264.941,541761.39,28227.137,569988.528,39519.42,5220009,14041
5220686,SIMOLÂNDIA,GO,2015,0.0,0.0,0.0,0.0,0.0,0.0,0.0,0.0,0.0,0.0,0.0,2015,5220686,6341.724,4707.693,41601.089,24767.678,77418.183,8759.309,86177.492,12610.11,5220686,5742
5220686,SIMOLÂNDIA,GO,2016,0.0,1.0,0.0,0.0,0.0,0.0,0.0,1.0,0.0,1.0,3.0,2016,5220686,8559.521,4399.054,42514.347,25861.371,81334.294,9344.681,90678.975,13212.73,5220686,5742
5220686,SIMOLÂNDIA,GO,2017,0.0,5.0,0.0,0.0,10.0,4.0,0.0,0.0,0.0,0.0,19.0,2017,5220686,6089.316,4266.731,51002.783,25818.604,87177.434,11197.43,98374.864,14275.85,5220686,5742
5220686,SIMOLÂNDIA,GO,2018,0.0,3.0,0.0,0.0,5.0,6.0,0.0,4.0,0.0,3.0,21.0,2018,5220686,7444.004,4387.532,52763.607,27645.533,92240.677,11755.941,103996.617,15221.99,5220686,5742
5220686,SIMOLÂNDIA,GO,2019,0.0,3.0,0.0,0.0,5.0,1.0,0.0,0.0,0.0,3.0,12.0,2019,5220686,8794.146,12494.854,55858.048,30169.611,107316.66,14060.198,121376.858,17703.74,5220686,5742
5220686,SIMOLÂNDIA,GO,2020,0.0,4.0,0.0,0.0,7.0,1.0,0.0,0.0,0.0,8.0,20.0,2020,5220686,12424.271,27314.166,58534.233,31132.953,129405.623,16259.159,145664.782,21175.28,5220686,5742
5220686,SIMOLÂNDIA,GO,2021,0.0,1.0,0.0,0.0,3.0,0.0,0.0,3.0,0.0,1.0,8.0,2021,5220686,15016.633,34732.288,67787.249,34200.23,151736.399,21580.762,173317.161,25136.64,5220686,5742
5221858,VALPARAÍSO DE GOIÁS,GO,2015,0.0,0.0,0.0,0.0,0.0,0.0,0.0,0.0,0.0,0.0,0.0,2015,5221858,445.996,268200.384,1166764.688,520686.722,1956097.79,199067.166,2155164.956,14062.61,5221858,198861
5221858,VALPARAÍSO DE GOIÁS,GO,2016,0.0,24.0,0.0,0.0,2.0,10.0,2.0,3.0,0.0,31.0,72.0,2016,5221858,426.14,287229.241,1242587.468,551675.13,2081917.979,213686.837,2295604.815,14676.0,5221858,198861
5221858,VALPARAÍSO DE GOIÁS,GO,2017,0.0,1.0,0.0,0.0,6.0,0.0,1.0,0.0,0.0,0.0,8.0,2017,5221858,465.636,282788.48,1357515.024,622383.113,2263152.252,230210.892,2493363.144,15632.37,5221858,198861
5221858,VALPARAÍSO DE GOIÁS,GO,2018,1.0,40.0,1.0,0.0,4.0,7.0,1.0,2.0,2.0,33.0,89.0,2018,5221858,493.154,282489.425,1350138.891,664419.904,2297541.375,228743.361,2526284.736,15336.56,5221858,198861
5221858,VALPARAÍSO DE GOIÁS,GO,2019,1.0,30.0,0.0,0.0,3.0,1.0,0.0,2.0,6.0,6.0,43.0,2019,5221858,627.245,316111.993,1420052.316,745419.975,2482211.53,248924.974,2731136.504,16211.6,5221858,198861
5221858,VALPARAÍSO DE GOIÁS,GO,2020,0.0,2.0,0.0,0.0,0.0,0.0,0.0,0.0,0.0,0.0,2.0,2020,5221858,789.761,278802.325,1388679.327,753323.236,2421594.648,252117.586,2673712.234,15532.65,5221858,198861
5221858,VALPARAÍSO DE GOIÁS,GO,2021,0.0,0.0,0.0,0.0,2.0,0.0,0.0,1.0,0.0,0.0,3.0,2021,5221858,1014.438,319466.417,1508139.312,822747.357,2651367.524,313144.845,2964512.369,16870.66,5221858,198861
5222203,VILA BOA,GO,2015,0.0,0.0,0.0,0.0,0.0,0.0,0.0,0.0,0.0,0.0,0.0,2015,5222203,40692.514,11413.373,26412.7,26326.618,104845.205,6383.723,111228.928,20241.84,5222203,4215
5222203,VILA BOA,GO,2016,0.0,1.0,0.0,0.0,1.0,1.0,0.0,0.0,0.0,4.0,7.0,2016,5222203,49402.596,15263.241,28284.309,34664.347,127614.493,11195.015,138809.507,24721.19,5222203,4215
5222203,VILA BOA,GO,2017,0.0,4.0,0.0,0.0,1.0,0.0,0.0,0.0,0.0,3.0,8.0,2017,5222203,32528.99,12561.218,29016.954,38795.155,112902.317,5736.644,118638.961,20701.27,5222203,4215
5222203,VILA BOA,GO,2018,0.0,2.0,0.0,0.0,3.0,0.0,0.0,0.0,0.0,4.0,9.0,2018,5222203,29890.633,13332.618,29701.733,29122.211,102047.195,6422.202,108469.397,18000.23,5222203,4215
5222203,VILA BOA,GO,2019,0.0,1.0,0.0,0.0,1.0,1.0,0.0,0.0,0.0,4.0,7.0,2019,5222203,24110.657,13854.981,33692.874,31987.928,103646.44,8562.182,112208.621,18183.22,5222203,4215
5222203,VILA BOA,GO,2020,0.0,0.0,0.0,0.0,0.0,0.0,0.0,0.0,0.0,4.0,4.0,2020,5222203,28357.518,22964.913,32732.857,33562.573,117617.861,8531.932,126149.793,19985.71,5222203,4215
5222203,VILA BOA,GO,2021,0.0,2.0,0.0,0.0,1.0,3.0,0.0,0.0,0.0,3.0,9.0,2021,5222203,58414.419,30275.188,40304.991,36711.915,165706.514,14192.317,179898.83,27886.97,5222203,4215
5222302,VILA PROPÍCIO,GO,2015,0.0,0.0,0.0,0.0,0.0,0.0,0.0,0.0,0.0,0.0,0.0,2015,5222302,121985.508,15056.551,32944.04,21623.361,191609.46,7325.781,198935.241,35664.26,5222302,5815
5222302,VILA PROPÍCIO,GO,2016,0.0,4.0,0.0,0.0,4.0,0.0,0.0,0.0,0.0,4.0,12.0,2016,5222302,136008.727,13465.463,31659.818,22605.537,203739.545,6735.539,210475.085,37351.39,5222302,5815
5222302,VILA PROPÍCIO,GO,2017,0.0,2.0,0.0,0.0,5.0,0.0,0.0,0.0,0.0,5.0,12.0,2017,5222302,108918.805,12713.806,27941.752,26733.077,176307.439,5895.443,182202.882,32021.6,5222302,5815
5222302,VILA PROPÍCIO,GO,2018,0.0,5.0,0.0,0.0,3.0,0.0,0.0,0.0,0.0,3.0,11.0,2018,5222302,90989.06,22509.57,32626.052,27164.595,173289.277,6625.305,179914.583,31246.02,5222302,5815
5222302,VILA PROPÍCIO,GO,2019,0.0,0.0,0.0,0.0,2.0,0.0,1.0,0.0,0.0,2.0,5.0,2019,5222302,104542.025,29303.337,35882.737,30245.959,199974.058,8020.329,207994.386,35731.73,5222302,5815
5222302,VILA PROPÍCIO,GO,2020,1.0,3.0,0.0,0.0,0.0,0.0,0.0,1.0,0.0,2.0,7.0,2020,5222302,115113.532,26920.909,34485.387,32855.225,209375.053,8560.354,217935.407,37051.24,5222302,5815
5222302,VILA PROPÍCIO,GO,2021,0.0,1.0,0.0,0.0,2.0,0.0,0.0,0.0,0.0,1.0,4.0,2021,5222302,157949.388,57341.579,46723.943,33133.345,295148.256,12864.747,308013.003,51845.31,5222302,5815
5300108,Brasília (agregado),DF,2020,13.0,249.0,2.0,0.0,162.0,2.0,23.0,140.0,0.0,600.0,1191.0,2020,5300108,1623976.909,10942472.569,116547655.37,111267001.38,240381106.23,25466227.775,265847334.0,87016.16,5300108,2817381
5300108,Brasília (agregado),DF,2021,18.0,207.0,5.0,0.0,136.0,0.0,15.0,136.0,0.0,509.0,1026.0,2021,5300108,2286948.384,10235489.638,127696742.32,116809197.66,257028378.01,29915404.019,286943782.03,92732.27,5300108,2817381
